use toy_land_test;

insert into toy(id, created_date, updated_date, category, description, email, github_identifier, github_link, logo_url,
                organization_id, password, period, readme, service_link, title)
values (3, '2021-02-06 04:12:43.943419', '2021-02-06 04:12:43.943419', 'WEB', 'DrinkMe front-end', '', 174820336,
        'https://github.com/yapp-project/team02_frontend', 'https://avatars.githubusercontent.com/u/47311474?v=4', 2,
        '1234', 'LESS_THAN_A_WEEK', '', '', 'DrinkMe'),
       (4, '2021-02-06 04:13:39.711310', '2021-02-06 04:13:39.711310', 'WEB',
        '\ub300\ud559\uc5f0\ud569\ub3d9\uc544\ub9ac YAPP\uc744 \uc704\ud55c \ud504\ub85c\uc81d\ud2b8 \uc544\uce74\uc774\ube59 \uc11c\ube44\uc2a4',
        '', 180344146, 'https://github.com/yapp-project/frontend-yappian',
        'https://avatars.githubusercontent.com/u/47311474?v=4', 2, '1234', 'LESS_THAN_A_WEEK', '',
        'https://yappian.com/',
        'Yappian - \ub300\ud559\uc5f0\ud569\ub3d9\uc544\ub9ac YAPP\uc744 \uc704\ud55c \ud504\ub85c\uc81d\ud2b8 \uc544\uce74\uc774\ube59 \uc11c\ube44\uc2a4'),
       (5, '2021-02-06 04:13:56.711720', '2021-02-06 04:13:56.711720', 'ANDROID',
        '2018 \uc624\ud508\ud575 \ubc31\uc5d4\ub4dc \uc11c\ubc84 \ub808\ud30c\uc9c0\ud1a0\ub9ac', '', 139023480,
        'https://github.com/TeampleStay/BackendServer', 'https://avatars.githubusercontent.com/u/40666007?v=4', 1,
        'toytoytoy', 'LESS_THAN_A_MONTH', '', '', 'BackendServer'),
       (7, '2021-02-06 04:15:32.477662', '2021-02-06 04:15:32.477662', 'IOS',
        '\ud83e\udd70\ub7fd\ud0b7: \uc5f0\uc778\ub4e4\uc744 \uc704\ud55c \uc5f0\uc560 \ubc84\ud0b7\ub9ac\uc2a4\ud2b8',
        '', 222061484, 'https://github.com/mash-up-kr/luvket', 'https://avatars.githubusercontent.com/u/17095685?v=4',
        6, '1234', 'LESS_THAN_THREE_DAYS', '', 'https://luvket.netlify.app/', 'luvket'),
       (8, '2021-02-06 04:16:23.398075', '2021-02-06 04:16:23.398075', 'WEB', 'Block-breaking game in vim 8.0', '',
        94041124, 'https://github.com/johngrib/vim-game-code-break',
        'https://avatars.githubusercontent.com/u/1855714?v=4', 21, '1234', 'LESS_THAN_A_MONTH', '', '',
        'vim-game-code-break'),
       (9, '2021-02-06 04:17:19.530968', '2021-02-06 04:17:19.530968', 'WEB',
        '2017\ud559\ub144\ub3c4 \uc18c\ud504\ud2b8\uc6e8\uc5b4 \uc911\uc2ec\ub300\ud559 \uc624\ud508\uc18c\uc2a4 \ud574\ucee4\ud1a4\uc5d0\uc11c \ub9cc\ub4e4\uc5b4\uc9c4, \ud6a8\uc728\uc801\uc778 \ud300\ud50c \ud611\uc5c5\uc744 \ub3c4\uc640\uc8fc\ub294 \ub3c4\uad6c\uc785\ub2c8\ub2e4.',
        '', 80748008, 'https://github.com/harrydrippin/Workhard', 'https://avatars.githubusercontent.com/u/5152494?v=4',
        1, '1234', 'LESS_THAN_A_MONTH', '', 'https://harrydrippin.github.io/Workhard/', 'Workhard'),
       (10, '2021-02-06 04:17:24.312992', '2021-02-06 04:17:24.312992', 'WEB',
        'CODUCK\uc740 \uac1c\ubc1c\uc790\ub4e4\uc758 Github \ud65c\ub3d9 \uc7a5\ub824\ub97c \uc704\ud574 \uc2dc\uc791\ub41c \ud504\ub85c\uc81d\ud2b8\uc785\ub2c8\ub2e4. Github \uae43\ud5d9 \ud65c\ub3d9\uc744 \uc2dc\uac01\ud654\ud558\uc5ec \uac8c\uc784\uc744 \ud558\ub294 \uac83\uacfc \uac19\uc774 \uc7ac\ubbf8\uc640 \uc131\ucde8\uac10\uc744 \ub290\ub084 \uc218 \uc788\uac8c \ud558\uc600\uc2b5\ub2c8\ub2e4. \ub354 \ub098\uc544\uac00 \uac1c\uc778\uc758 CODUCK \ud398\uc774\uc9c0\uac00 \ud558\ub098\uc758 \uc774\ub825\uc11c\ub85c\uc11c\uc758 \uae30\ub2a5\uc744 \uac16\ucd94\uac8c \ud558\uae30 \uc704\ud558\uc5ec \ud504\ub85c\uc81d\ud2b8, \ud65c\ub3d9, \uacbd\ub825, \uae30\uc220\uc2a4\ud0dd\uc744 \uad00\ub9ac\ud560 \uc218 \uc788\ub3c4\ub85d \ud558\uc600\uc2b5\ub2c8\ub2e4.',
        '', 150399887, 'https://github.com/10duck/issues', 'https://avatars.githubusercontent.com/u/37213323?v=4', 20,
        'toytoytoy', 'LESS_THAN_A_MONTH', '', 'https://co-duck.com/', '\ucf54\ub529 \ub355\ud6c4 [\ucf54\ub355]'),
       (11, '2021-02-06 04:18:30.339498', '2021-02-06 04:18:30.339498', 'APP',
        '\uc704\uce58\uae30\ubc18 \uc77c\uae30 \uc800\uc7a5 \uc11c\ube44\uc2a4', '', 196682567,
        'https://github.com/Nexters/Plock-iOS', 'https://avatars.githubusercontent.com/u/4995702?v=4', 9, '1234',
        'LESS_THAN_A_MONTH', '', 'https://play.google.com/store/apps/details?id=com.teamnexters.plock', 'Plock-iOS'),
       (12, '2021-02-06 04:19:15.722759', '2021-02-06 04:19:15.722759', 'ML',
        'Python package for Korean natural language processing.', '', 19346982, 'https://github.com/konlpy/konlpy',
        'https://avatars.githubusercontent.com/u/10087397?v=4', 22, '1234', 'LESS_THAN_THREE_DAYS', '',
        'https://konlpy.org/en/latest/', 'konlpy'),
       (13, '2021-02-06 04:19:45.881174', '2021-02-06 04:19:45.881174', 'WEB',
        '\uc704\ub354\ubdf0\ub294 \ucde8\uc5c5\uc900\ube44\uc0dd\uc744 \ud0c0\uac9f\uc73c\ub85c \ud558\ub294 Web \uae30\ubc18 \ud654\uc0c1 \uba74\uc811 \uc2a4\ud130\ub514 \ud50c\ub7ab\ud3fc\uc785\ub2c8\ub2e4.',
        '', 283998997, 'https://github.com/Yapp-17th/Web_2_Client',
        'https://avatars.githubusercontent.com/u/69037013?v=4', 2, 'toytoytoy', 'LESS_THAN_A_DAY', '',
        'https://witherview.com/', '\ud83c\udfaf \uc704\ub354\ubdf0'),
       (14, '2021-02-06 04:20:18.320958', '2021-02-06 04:20:18.320958', 'APP',
        '\ub9c9\ucc28 \uc2dc\uac04\uc744 \ub118\uae34 \uccad\ucd98\ub4e4\uc744 \uc704\ud55c \uad50\ud1b5\ube44 \ucd5c\uc801\ud654 \uc815\ubcf4 \uc81c\uacf5 \uc11c\ube44\uc2a4',
        '', 193192200, 'https://github.com/mash-up-kr/zibro', 'https://avatars.githubusercontent.com/u/17095685?v=4', 6,
        '1234', 'LESS_THAN_THREE_DAYS', '', 'https://zibro.netlify.app/sign-in', 'zibro'),
       (15, '2021-02-06 04:20:54.359921', '2021-02-06 04:20:54.359921', 'APP',
        '\ud83c\udf08 MOTI ! Make Own True Identity \u2b50\ufe0f', '', 222238365,
        'https://github.com/mash-up-kr/Moti_iOS', 'https://avatars.githubusercontent.com/u/17095685?v=4', 6, '1234',
        'LESS_THAN_A_DAY', '', '', 'MOTI ! Make Own True Identity'),
       (16, '2021-02-06 04:22:26.358964', '2021-02-06 04:22:26.358964', 'WEB',
        '\ud83d\udc33 \uc870\uc9c1 \ub0b4\uc5d0\uc11c \uc911\uace0 \uac70\ub798\ub97c! \uc9c1\uace0\ub798', '',
        273720222, 'https://github.com/woowacourse-teams/2020-seller-lee-company',
        'https://avatars.githubusercontent.com/u/66992148?v=4', 14, '1234', 'LESS_THAN_A_WEEK', '',
        'https://play.google.com/store/apps/details?id=com.sellerleecompany.jikgorae&hl=en_US', '\uc9c1\uace0\ub798'),
       (18, '2021-02-06 04:24:02.221695', '2021-02-06 04:24:02.221695', 'WEB',
        '\uc624\ud504\ub77c\uc778 \uc2a4\ud130\ub514, \uc18c\ubaa8\uc784\uc758 \ubaa9\ud45c \ub2ec\uc131\uc744 \ub3c4\uc640\uc8fc\ub294 \ub3d9\uae30\ubd80\uc5ec \uc11c\ube44\uc2a4 \ud83d\udeb4\u200d\u2642\ufe0f  ',
        '', 273719961, 'https://github.com/woowacourse-teams/2020-14f-guys',
        'https://avatars.githubusercontent.com/u/66992148?v=4', 14, '1234', 'LESS_THAN_A_WEEK', '',
        'https://peloton.ga/', 'PELOTON \ud504\ub85c\uc81d\ud2b8'),
       (20, '2021-02-06 04:27:02.016011', '2021-02-06 04:27:02.016011', 'WEB',
        'Instagram HashTag \uc9c0\ub3c4\ud654 \uc11c\ube44\uc2a4', '', 273720042,
        'https://github.com/woowacourse-teams/2020-songpa-people',
        'https://avatars.githubusercontent.com/u/66992148?v=4', 14, '1234', 'LESS_THAN_A_WEEK', '',
        'https://themiso.kr', '\ub2f9\uc2e0\uc774 \ubaa8\ub974\ub294 \uadf8\uacf3, \ubbf8\uc18c'),
       (21, '2021-02-06 04:28:07.709131', '2021-02-06 04:28:07.709131', 'WEB',
        '\ub2f9\uc2e0\uc758 \ub9c8\uc74c, \uc0c8\ubcbd\uc774 \ub4e4\uc5b4\uc904\uac8c\uc694', '', 273720189,
        'https://github.com/woowacourse-teams/2020-saebyeok', 'https://avatars.githubusercontent.com/u/66992148?v=4',
        14, '1234', 'LESS_THAN_A_WEEK', '', 'https://\uc0c8\ubcbd.net/',
        '\uc0c8\ubcbd : \ub2f9\uc2e0\uc758 \ub9c8\uc74c, \uc0c8\ubcbd\uc774 \ub4e4\uc5b4\uc904\uac8c\uc694'),
       (22, '2021-02-06 04:28:48.075682', '2021-02-06 04:28:48.075682', 'WEB',
        'Beautiful, Minimal Slides with Markdown', '', 273720125, 'https://github.com/woowacourse-teams/2020-zeze',
        'https://avatars.githubusercontent.com/u/66992148?v=4', 14, '1234', 'LESS_THAN_A_WEEK', '', 'http://slide.md/',
        'Zeze'),
       (23, '2021-02-06 04:29:26.001932', '2021-02-06 04:29:26.001932', 'WEB',
        '\ud83d\udd16 \ud0dc\uadf8 \uae30\ubc18\uc758 \ubd81\ub9c8\ud06c \uad00\ub9ac \uc11c\ube44\uc2a4', '',
        273720083, 'https://github.com/woowacourse-teams/2020-taggle',
        'https://avatars.githubusercontent.com/u/66992148?v=4', 14, '1234', 'LESS_THAN_A_WEEK', '',
        'https://taggle.kr/', 'Taggle'),
       (24, '2021-02-06 04:30:05.583382', '2021-02-06 04:30:05.583382', 'WEB',
        '\ud83c\udf81 \uc608\ube44 \uac1c\ubc1c\uc790\ub97c \uc704\ud55c \ucde8\uc5c5 \uc815\ubcf4 \uacf5\uc720 \ud50c\ub7ab\ud3fc',
        '', 273720001, 'https://github.com/woowacourse-teams/2020-devbie',
        'https://avatars.githubusercontent.com/u/66992148?v=4', 14, '1234', 'LESS_THAN_A_WEEK', '',
        'https://devbie.kr/', 'Devbie (Developer + Newbie)'),
       (25, '2021-02-06 04:30:37.391987', '2021-02-06 04:30:37.391987', 'APP',
        ' \ud83d\udcda\ub098\ub97c \uc704\ud55c \ubb38\uc7a5\uc774 \ubaa8\uc774\ub294 \uacf3, \ubabd\uae00', '',
        275830041, 'https://github.com/Sopt-Mongle/MongleiOS', 'https://avatars.githubusercontent.com/u/67588180?v=4',
        3, 'toytoytoy', 'LESS_THAN_A_WEEK', '', 'https://apps.apple.com/kr/app/%EB%AA%BD%EA%B8%80-mongle/id1541148787',
        'MongleiOS'),
       (26, '2021-02-06 04:31:04.272701', '2021-02-06 04:31:04.272701', 'WEB',
        '\ud83c\udf78 \uc88b\uc740 \uc220\uc744 \uace0\ubbfc \uc5c6\uc774, \uce75\ud14c\uc77c \ucd94\ucc9c \uc11c\ube44\uc2a4 \'\uce75\ud14c\uc77c\ud53d\'',
        '', 273719912, 'https://github.com/woowacourse-teams/2020-6rinkers',
        'https://avatars.githubusercontent.com/u/66992148?v=4', 14, '1234', 'LESS_THAN_A_DAY', '',
        'https://cocktailpick.com/', '\ud83c\udf78 \uce75\ud14c\uc77c\ud53d'),
       (27, '2021-02-06 04:31:35.465179', '2021-02-06 04:31:35.465179', 'IOS', 'CuseMe iOS', '', 229878948,
        'https://github.com/CuseMe/CuseMe_iOS', 'https://avatars.githubusercontent.com/u/59127791?v=4', 3, '1234',
        'LESS_THAN_A_MONTH', '', 'https://play.google.com/store/apps/details?id=com.cuseme.android.aac', 'CuseMe'),
       (28, '2021-02-06 04:33:25.880752', '2021-02-06 04:33:25.880752', 'APP',
        'Server\ubc1c\ub2ec\uc7a5\uc560\uc778\uc744 \uc704\ud55c \uce74\ub4dc\ud615 \uc758\uc0ac\uc18c\ud1b5\ub3c4\uad6c, \ud050\uc988\ubbf8\n Repository',
        '', 229742280, 'https://github.com/CuseMe/CuseMe-Server',
        'https://avatars.githubusercontent.com/u/59127791?v=4', 3, 'toytoytoy', 'LESS_THAN_A_WEEK', '',
        'https://play.google.com/store/apps/details?id=com.cuseme.android.aac', 'CuseMe'),
       (34, '2021-02-06 07:32:48.514025', '2021-02-06 07:32:48.514025', 'BIG_DATA',
        'API Service for tracking the COVID-19', '', 236986055, 'https://github.com/Laeyoung/COVID-19-API',
        'https://avatars.githubusercontent.com/u/1391299?v=4', 21, '0327', 'LESS_THAN_A_DAY', '',
        'ainize.ai/laeyoung/covid-19-api', 'COVID-19-API'),
       (35, '2021-02-06 07:40:59.376263', '2021-02-06 07:40:59.376263', 'ANDROID',
        '[SW\uc911\uc2ec\ub300\ud559 \uacf5\ub3d9\ud574\ucee4\ud1a4 28\ud300]  Check It Out', 'jw.choi406@gmail.com',
        335866781, 'https://github.com/jwc406/Check-It-Out', 'https://avatars.githubusercontent.com/u/77850103?v=4', 1,
        'rmsidgo3714', 'LESS_THAN_A_DAY', '', '', 'Check-It-Out'),
       (36, '2021-02-06 07:51:27.452713', '2021-02-06 07:51:27.452713', 'WEB',
        '\uc5ec\uc6b4: \uc5b8\ud0dd\ud2b8 \uc2dc\ub300\uc758 \ubb38\ud654\u00b7\uc608\uc220 \uacf5\uc720 \ud50c\ub7ab\ud3fc',
        '', 335873084, 'https://github.com/yeo-un/yeo-un', 'https://avatars.githubusercontent.com/u/78525416?v=4', 18,
        '1234', 'LESS_THAN_A_DAY', '', 'https://yeo-un.github.io/yeo-un/', 'yeo-un'),
       (37, '2021-02-06 07:52:20.265314', '2021-02-06 07:52:20.265314', 'AI',
        'Redesigned KoNLPy (Wrapper) for Usability and Portability with gRPC. [EXPERIMENTAL]',
        'minhoryang+konlpy@gmail.com', 216368882, 'https://github.com/minhoryang/konlpy-grpc',
        'https://avatars.githubusercontent.com/u/1270855?v=4', 21, 'minhoryang', 'LESS_THAN_A_MONTH', '',
        'https://v1.ainize.ai/minhoryang/konlpy-grpc', 'KoNLPy-gRPC'),
       (38, '2021-02-06 07:52:57.412704', '2021-02-06 07:52:57.412704', 'WEB', 'Today I Learned', '', 291074506,
        'https://github.com/seung-00/til', 'https://avatars.githubusercontent.com/u/46865281?v=4', 21, '123123',
        'LESS_THAN_A_DAY', '', '', 'til'),
       (39, '2021-02-06 10:47:43.312141', '2021-02-06 10:47:43.312141', 'IOS',
        'toyland frontend - \ud1a0\uc774 \ud504\ub85c\uc81d\ud2b8 \ud65c\uc131\ud654 \uc6f9 \ud50c\ub7ab\ud3fc', '',
        335858781, 'https://github.com/toy-land/frontend', 'https://avatars.githubusercontent.com/u/78526179?v=4', 4,
        '1234', 'LESS_THAN_A_DAY', '', '', 'frontend'),
       (41, '2021-02-15 18:32:53.560031', '2021-02-15 18:32:53.560031', 'WEB', 'Effective_Java_3/E',
        'sypark9646@gmail.com', 326302616, 'https://github.com/dolly0920/Effective_Java_Study',
        'https://avatars.githubusercontent.com/u/57647874?v=4', 20, '1234', 'LESS_THAN_A_DAY', '',
        'http://httpstat.us/500', 'Effective_Java_Study');

insert into user(id, created_date, updated_date, avatar_url, github_identifier, username)
values (1, '2021-02-06 03:45:23.010139', '2021-02-06 03:45:23.010139', '', 46865281, 'seung-00'),
       (2, '2021-02-06 03:45:23.011239', '2021-02-06 03:45:23.011239', '', 16266103, 'dididy'),
       (3, '2021-02-06 03:59:26.611322', '2021-02-06 03:59:26.611322', '', 37579660, 'toneyparky'),
       (4, '2021-02-06 03:59:26.612525', '2021-02-06 03:59:26.612525', '', 46469385, 'sypark9646'),
       (5, '2021-02-06 04:12:43.947962', '2021-02-06 04:12:43.947962', '', 23568239, 'AnGwangHo'),
       (6, '2021-02-06 04:12:43.948977', '2021-02-06 04:12:43.948977', '', 28996915, 'Sung-jin'),
       (7, '2021-02-06 04:13:39.863207', '2021-02-06 04:13:39.863207', '', 31176502, 'jinsunee'),
       (8, '2021-02-06 04:13:56.716349', '2021-02-06 04:13:56.716349', '', 19185689, 'Crazy0416'),
       (9, '2021-02-06 04:14:26.446421', '2021-02-06 04:14:26.446421', '', 25525648, 'jeongdaeun98'),
       (10, '2021-02-06 04:14:26.447790', '2021-02-06 04:14:26.447790', '', 28107452, 'wonheejeong'),
       (11, '2021-02-06 04:15:33.100067', '2021-02-06 04:15:33.100067', '', 17597549, 'chayeoi'),
       (12, '2021-02-06 04:15:33.101539', '2021-02-06 04:15:33.101539', '', 43605468, 'jus0k'),
       (13, '2021-02-06 04:15:33.102682', '2021-02-06 04:15:33.102682', '', 43929612, 'rohi404'),
       (14, '2021-02-06 04:16:23.405034', '2021-02-06 04:16:23.405034', '', 48169, 'tyru'),
       (15, '2021-02-06 04:16:23.406517', '2021-02-06 04:16:23.406517', '', 1855714, 'johngrib'),
       (16, '2021-02-06 04:17:20.215868', '2021-02-06 04:17:20.215868', '', 5152494, 'harrydrippin'),
       (17, '2021-02-06 04:17:20.217098', '2021-02-06 04:17:20.217098', '', 13848386, 'donghyundonghyun'),
       (18, '2021-02-06 04:17:24.536294', '2021-02-06 04:17:24.536294', '', 17121431, 'kingbbode'),
       (19, '2021-02-06 04:18:30.805789', '2021-02-06 04:18:30.805789', '', 16832549, 'wjdgo813'),
       (20, '2021-02-06 04:18:30.807140', '2021-02-06 04:18:30.807140', '', 24826569, 'Zedd0202'),
       (21, '2021-02-06 04:19:16.988492', '2021-02-06 04:19:16.988492', '', 1205890, 'e9t'),
       (22, '2021-02-06 04:19:16.989743', '2021-02-06 04:19:16.989743', '', 21135812, 'nyanye'),
       (23, '2021-02-06 04:19:16.991053', '2021-02-06 04:19:16.991053', '', 3401574, 'lovit'),
       (24, '2021-02-06 04:19:16.991948', '2021-02-06 04:19:16.991948', '', 1270855, 'minhoryang'),
       (25, '2021-02-06 04:19:16.992868', '2021-02-06 04:19:16.992868', '', 528040, 'shaynekang'),
       (26, '2021-02-06 04:19:16.993932', '2021-02-06 04:19:16.993932', '', 18730255, 'zsef123'),
       (27, '2021-02-06 04:19:16.994820', '2021-02-06 04:19:16.994820', '', 6428529, 'HaebinShin'),
       (28, '2021-02-06 04:19:16.995801', '2021-02-06 04:19:16.995801', '', 10624086, 'mwkang'),
       (29, '2021-02-06 04:19:16.996700', '2021-02-06 04:19:16.996700', '', 18256853, 'rickiepark'),
       (30, '2021-02-06 04:19:16.997535', '2021-02-06 04:19:16.997535', '', 10236960, 'hdatteln'),
       (31, '2021-02-06 04:19:16.998430', '2021-02-06 04:19:16.998430', '', 509888, 'shurain'),
       (32, '2021-02-06 04:19:16.999274', '2021-02-06 04:19:16.999274', '', 1702891, 'hyeshik'),
       (33, '2021-02-06 04:19:17.000138', '2021-02-06 04:19:17.000138', '', 8907756, 'shin285'),
       (34, '2021-02-06 04:19:17.001045', '2021-02-06 04:19:17.001045', '', 38556, 'lifefeel'),
       (35, '2021-02-06 04:19:17.001858', '2021-02-06 04:19:17.001858', '', 18069263, 'j-min'),
       (36, '2021-02-06 04:19:17.002659', '2021-02-06 04:19:17.002659', '', 8518239, 'gitter-badger'),
       (37, '2021-02-06 04:19:17.003510', '2021-02-06 04:19:17.003510', '', 1102736, 'combacsa'),
       (38, '2021-02-06 04:19:17.004394', '2021-02-06 04:19:17.004394', '', 25224804, 'gabrielacorona'),
       (39, '2021-02-06 04:19:17.005275', '2021-02-06 04:19:17.005275', '', 6039905, 'jaejunh'),
       (40, '2021-02-06 04:19:17.006084', '2021-02-06 04:19:17.006084', '', 5163708, 'pinetree408'),
       (41, '2021-02-06 04:19:17.006930', '2021-02-06 04:19:17.006930', '', 541274, 'raccoonyy'),
       (42, '2021-02-06 04:19:17.007778', '2021-02-06 04:19:17.007778', '', 6144782, 're4lfl0w'),
       (43, '2021-02-06 04:19:17.008580', '2021-02-06 04:19:17.008580', '', 5601181, 'stray-leone'),
       (44, '2021-02-06 04:19:17.009431', '2021-02-06 04:19:17.009431', '', 1303549, 'theeluwin'),
       (45, '2021-02-06 04:19:17.010269', '2021-02-06 04:19:17.010269', '', 5348027, 'taehioum'),
       (46, '2021-02-06 04:19:46.706646', '2021-02-06 04:19:46.706646', '', 34911173, 'Lavegaa'),
       (47, '2021-02-06 04:19:46.707712', '2021-02-06 04:19:46.707712', '', 20556561, 'SkynI25'),
       (48, '2021-02-06 04:19:46.708569', '2021-02-06 04:19:46.708569', '', 49699333, 'dependabot[bot]'),
       (49, '2021-02-06 04:19:46.709362', '2021-02-06 04:19:46.709362', '', 26241585, 'sjh2428'),
       (50, '2021-02-06 04:20:18.892410', '2021-02-06 04:20:18.892410', '', 29801123, 'aereeeee'),
       (51, '2021-02-06 04:20:54.365067', '2021-02-06 04:20:54.365067', '', 16275188, 'kor-Chipmunk'),
       (52, '2021-02-06 04:20:54.366075', '2021-02-06 04:20:54.366075', '', 27257837, 'YoonJuHo'),
       (53, '2021-02-06 04:20:54.366924', '2021-02-06 04:20:54.366924', '', 38453476, 'LHOCHAN'),
       (54, '2021-02-06 04:22:26.796759', '2021-02-06 04:22:26.796759', '', 52931057, 'kouz95'),
       (55, '2021-02-06 04:22:26.798002', '2021-02-06 04:22:26.798002', '', 31095063, 'jnsorn'),
       (56, '2021-02-06 04:22:26.799028', '2021-02-06 04:22:26.799028', '', 48052622, 'lxxjn0'),
       (57, '2021-02-06 04:22:26.799999', '2021-02-06 04:22:26.799999', '', 39271364, 'begaonnuri'),
       (58, '2021-02-06 04:22:26.801002', '2021-02-06 04:22:26.801002', '', 53935703, 'joseph415'),
       (59, '2021-02-06 04:23:47.982736', '2021-02-06 04:23:47.982736', '', 54823396, 'Haemin-Park'),
       (60, '2021-02-06 04:23:47.984680', '2021-02-06 04:23:47.984680', '', 49590389, 'Minoyam'),
       (61, '2021-02-06 04:23:47.985942', '2021-02-06 04:23:47.985942', '', 66408194, 'dev-donghwan'),
       (62, '2021-02-06 04:26:12.493302', '2021-02-06 04:26:12.493302', '', 45786387, 'hwookim'),
       (63, '2021-02-06 04:26:12.494178', '2021-02-06 04:26:12.494178', '', 19922698, 'YebinK'),
       (64, '2021-02-06 04:26:12.495003', '2021-02-06 04:26:12.495003', '', 7259103, 'LTTTTTE'),
       (65, '2021-02-06 04:26:12.495987', '2021-02-06 04:26:12.495987', '', 43027225, 'chws'),
       (66, '2021-02-06 04:26:12.496898', '2021-02-06 04:26:12.496898', '', 35886730, 'YejiAhn'),
       (67, '2021-02-06 04:26:12.563008', '2021-02-06 04:26:12.563008', '', 43440195, 'ddaaac'),
       (68, '2021-02-06 04:26:12.564235', '2021-02-06 04:26:12.564235', '', 48818566, 'fucct'),
       (69, '2021-02-06 04:26:12.565576', '2021-02-06 04:26:12.565576', '', 49060374, 'KIMSIYOUNG'),
       (70, '2021-02-06 04:26:12.566564', '2021-02-06 04:26:12.566564', '', 32732560, 'dks301'),
       (71, '2021-02-06 04:26:12.567451', '2021-02-06 04:26:12.567451', '', 40536197, 'JinJuMoon'),
       (72, '2021-02-06 04:27:02.040743', '2021-02-06 04:27:02.040743', '', 46298646, 'ordinCode'),
       (73, '2021-02-06 04:27:02.041638', '2021-02-06 04:27:02.041638', '', 33235211, 'DunDung'),
       (74, '2021-02-06 04:27:02.042482', '2021-02-06 04:27:02.042482', '', 13347548, 'pci2676'),
       (75, '2021-02-06 04:27:02.043335', '2021-02-06 04:27:02.043335', '', 37133536, 'moonyoungCHAE'),
       (76, '2021-02-06 04:27:02.044259', '2021-02-06 04:27:02.044259', '', 39546083, 'giantim'),
       (77, '2021-02-06 04:28:07.726216', '2021-02-06 04:28:07.726216', '', 6245801, 'include42'),
       (78, '2021-02-06 04:28:07.727122', '2021-02-06 04:28:07.727122', '', 49009406, 'SujinEmilyCho'),
       (79, '2021-02-06 04:28:07.727850', '2021-02-06 04:28:07.727850', '', 55046234, 'icyMojito'),
       (80, '2021-02-06 04:28:07.728592', '2021-02-06 04:28:07.728592', '', 13493184, 'hotheadfactory'),
       (81, '2021-02-06 04:28:07.729419', '2021-02-06 04:28:07.729419', '', 42054054, 'hwanghe159'),
       (82, '2021-02-06 04:28:49.040186', '2021-02-06 04:28:49.040186', '', 26547475, 'kimhodol'),
       (83, '2021-02-06 04:30:38.885293', '2021-02-06 04:30:38.885293', '', 43847166, 'Juhyeoklee'),
       (84, '2021-02-06 04:30:38.886445', '2021-02-06 04:30:38.886445', '', 54928732, 'qodhrkawk'),
       (85, '2021-02-06 04:30:38.887409', '2021-02-06 04:30:38.887409', '', 42545818, 'seu11ee'),
       (86, '2021-02-06 04:31:04.324196', '2021-02-06 04:31:04.324196', '', 50234855, 'ParkDooWon'),
       (87, '2021-02-06 04:31:04.325045', '2021-02-06 04:31:04.325045', '', 34573901, 'KueNiYam'),
       (88, '2021-02-06 04:31:04.325803', '2021-02-06 04:31:04.325803', '', 52960454, 'minuyim'),
       (89, '2021-02-06 04:31:04.326522', '2021-02-06 04:31:04.326522', '', 18031638, 'KimGyeong'),
       (90, '2021-02-06 04:31:04.327210', '2021-02-06 04:31:04.327210', '', 48251668, 'pkeugine'),
       (91, '2021-02-06 04:31:35.933530', '2021-02-06 04:31:35.933530', '', 39257919, 'wookeon'),
       (92, '2021-02-06 04:31:35.934491', '2021-02-06 04:31:35.934491', '', 43192041, 'jellyb3ar'),
       (93, '2021-02-06 04:31:36.144576', '2021-02-06 04:31:36.144576', '', 20358042, 'KS-KIM'),
       (94, '2021-02-06 04:31:36.145584', '2021-02-06 04:31:36.145584', '', 53366407, 'ksy90101'),
       (95, '2021-02-06 04:31:36.146418', '2021-02-06 04:31:36.146418', '', 46241671, 'mintJordy'),
       (96, '2021-02-06 04:31:36.147169', '2021-02-06 04:31:36.147169', '', 45934117, 'kimevanjunseok'),
       (97, '2021-02-06 04:31:36.147970', '2021-02-06 04:31:36.147970', '', 59819155, 'Ramen6315'),
       (98, '2021-02-06 04:32:15.056715', '2021-02-06 04:32:15.056715', '', 42382027, 'yeonnseok'),
       (99, '2021-02-06 04:32:15.057673', '2021-02-06 04:32:15.057673', '', 33685054, 'khb1109'),
       (100, '2021-02-06 04:32:15.058513', '2021-02-06 04:32:15.058513', '', 34808501, 'sonypark'),
       (101, '2021-02-06 04:32:15.059321', '2021-02-06 04:32:15.059321', '', 34959979, 'slowCoyle'),
       (102, '2021-02-06 04:32:15.060168', '2021-02-06 04:32:15.060168', '', 56247080, 'KimSeongGyu1'),
       (103, '2021-02-06 04:33:26.331649', '2021-02-06 04:33:26.331649', '', 35513039, 'ganghee'),
       (104, '2021-02-06 04:33:26.332582', '2021-02-06 04:33:26.332582', '', 52127966, 'funnkiddo'),
       (105, '2021-02-06 04:33:26.333385', '2021-02-06 04:33:26.333385', '', 41534832, 'khl6235'),
       (106, '2021-02-06 04:33:26.334144', '2021-02-06 04:33:26.334144', '', 35549653, 'siyeons'),
       (107, '2021-02-06 06:21:33.332191', '2021-02-06 06:21:33.332191', '', 41855240, 'KitchenGun'),
       (108, '2021-02-06 07:32:48.531524', '2021-02-06 07:32:48.531524', '', 1391299, 'Laeyoung'),
       (109, '2021-02-06 07:40:59.381482', '2021-02-06 07:40:59.381482', '', 77850103, 'jwc406'),
       (110, '2021-02-06 07:40:59.382683', '2021-02-06 07:40:59.382683', '', 61902036, 'taeyang2'),
       (111, '2021-02-06 07:51:28.042542', '2021-02-06 07:51:28.042542', '', 45806836, 'jeongwon-iee'),
       (112, '2021-02-06 07:51:28.044094', '2021-02-06 07:51:28.044094', '', 54893898, 'junghyeonsu'),
       (113, '2021-02-06 07:51:28.045372', '2021-02-06 07:51:28.045372', '', 77526434, 'two-0'),
       (114, '2021-02-06 07:51:28.046384', '2021-02-06 07:51:28.046384', '', 62369592, 'yuseong01'),
       (115, '2021-02-09 05:46:12.906816', '2021-02-09 05:46:12.906816', '', 2469766, 'leehosung'),
       (116, '2021-02-09 05:46:12.907801', '2021-02-09 05:46:12.907801', '', 14256139, 'Jeewhan'),
       (117, '2021-02-09 05:46:12.908634', '2021-02-09 05:46:12.908634', '', 46447321, 'allcontributors[bot]'),
       (118, '2021-02-09 05:46:12.909463', '2021-02-09 05:46:12.909463', '', 45260642, 'ach0o'),
       (119, '2021-02-09 05:46:12.910231', '2021-02-09 05:46:12.910231', '', 7808573, 'sorrowhill'),
       (120, '2021-02-09 05:46:12.911018', '2021-02-09 05:46:12.911018', '', 1451365, 'ChangJoo-Park'),
       (121, '2021-02-09 05:46:12.911790', '2021-02-09 05:46:12.911790', '', 13049936, 'Kirade'),
       (122, '2021-02-09 05:46:12.912880', '2021-02-09 05:46:12.912880', '', 42146674, 'almond-bongbong'),
       (123, '2021-02-09 05:46:12.913675', '2021-02-09 05:46:12.913675', '', 3889468, 'rationality6'),
       (124, '2021-02-09 05:46:12.914520', '2021-02-09 05:46:12.914520', '', 13412639, 'NESOY'),
       (125, '2021-02-09 05:46:12.915540', '2021-02-09 05:46:12.915540', '', 17061250, 'forybm'),
       (126, '2021-02-09 05:46:12.916330', '2021-02-09 05:46:12.916330', '', 22283213, 'wayhome25'),
       (127, '2021-02-15 19:05:01.771371', '2021-02-15 19:05:01.771371', 'url', 123123, 'toney'),
       (128, '2021-02-15 19:05:55.912233', '2021-02-15 19:05:55.912233', 'url', 123123, 'toney'),
       (129, '2021-02-15 18:32:54.024296', '2021-02-15 18:32:54.024296', '', 35962910, 'SGKIM94'),
       (130, '2021-02-15 18:32:54.025513', '2021-02-15 18:32:54.025513', '', 57647874, 'dolly0920'),
       (131, '2021-02-15 18:32:54.026469', '2021-02-15 18:32:54.026469', '', 4595546, 'VSFe'),
       (132, '2021-02-16 08:02:06.625239', '2021-02-16 08:02:06.625239', 'url', 123123, 'toney');

insert into tech_stack(id, skill_id, toy_id)
values (3, 2, 3),
       (4, 26, 3),
       (5, 2, 4),
       (6, 2, 5),
       (7, 2, 6),
       (8, 3, 7),
       (9, 2, 7),
       (10, 7, 8),
       (11, 2, 9),
       (12, 1, 10),
       (13, 10, 11),
       (14, 14, 11),
       (15, 4, 12),
       (16, 1, 12),
       (17, 2, 13),
       (18, 26, 13),
       (19, 1, 13),
       (20, 18, 13),
       (21, 2, 14),
       (22, 10, 15),
       (23, 1, 16),
       (24, 3, 16),
       (29, 1, 18),
       (30, 2, 18),
       (31, 1, 20),
       (32, 2, 20),
       (33, 1, 21),
       (34, 2, 21),
       (35, 1, 22),
       (36, 3, 22),
       (37, 10, 25),
       (38, 9, 25),
       (39, 2, 25),
       (40, 19, 25),
       (41, 1, 26),
       (42, 2, 26),
       (43, 10, 27),
       (44, 1, 23),
       (45, 2, 23),
       (46, 45, 23),
       (47, 1, 24),
       (48, 2, 24),
       (49, 45, 24),
       (50, 2, 28),
       (51, 37, 28),
       (52, 19, 28),
       (53, 10, 28),
       (59, 2, 34),
       (60, 19, 34),
       (61, 1, 35),
       (62, 26, 36),
       (63, 4, 37),
       (64, 1, 37),
       (65, 2, 38),
       (66, 3, 38),
       (67, 3, 39),
       (69, 1, 41);

insert into maintenance(id, created_date, updated_date, active, health_check, sleep_days, toy_id)
values (3, '2021-02-17 00:09:00.400843', '2021-02-17 00:09:00.400843', '2021-01-05 07:30:03.000000', 0, 4, 3),
       (4, '2021-02-17 00:09:00.401252', '2021-02-17 00:09:00.401252', '2021-01-05 07:53:53.000000', 0, 4, 4),
       (5, '2021-02-17 00:09:00.401334', '2021-02-17 00:09:00.401334', '2018-06-30 03:49:33.000000', 0, 4, 5),
       (6, '2021-02-17 00:09:00.401379', '2021-02-17 00:09:00.401379', '2020-01-28 13:45:23.000000', 1, 0, 6),
       (7, '2021-02-17 00:09:00.401435', '2021-02-17 00:09:00.401435', '2021-01-21 03:20:44.000000', 1, 0, 7),
       (8, '2021-02-17 00:09:00.401493', '2021-02-17 00:09:00.401493', '2018-08-29 04:15:03.000000', 0, 4, 8),
       (9, '2021-02-17 00:09:00.401554', '2021-02-17 00:09:00.401554', '2017-02-04 00:31:52.000000', 1, 0, 9),
       (10, '2021-02-17 00:09:00.401612', '2021-02-17 00:09:00.401612', '2018-10-05 04:03:19.000000', 1, 0, 10),
       (11, '2021-02-17 00:09:00.401671', '2021-02-17 00:09:00.401671', '2019-11-02 07:26:05.000000', 1, 0, 11),
       (12, '2021-02-17 00:09:00.401724', '2021-02-17 00:09:00.401724', '2021-01-07 23:45:35.000000', 1, 0, 12),
       (13, '2021-02-17 00:09:00.401764', '2021-02-17 00:09:00.401764', '2021-02-14 05:11:56.000000', 1, 0, 13),
       (14, '2021-02-17 00:09:00.401826', '2021-02-17 00:09:00.401826', '2021-01-20 23:18:46.000000', 0, 4, 14),
       (15, '2021-02-17 00:09:00.401882', '2021-02-17 00:09:00.401882', '2021-02-16 16:16:20.000000', 0, 4, 15),
       (16, '2021-02-17 00:09:00.401932', '2021-02-17 00:09:00.401932', '2020-12-24 01:09:19.000000', 1, 0, 16),
       (19, '2021-02-17 00:09:00.401979', '2021-02-17 00:09:00.401979', '2021-01-06 06:44:33.000000', 0, 4, 18),
       (20, '2021-02-17 00:09:00.402025', '2021-02-17 00:09:00.402025', '2021-01-06 08:49:49.000000', 0, 4, 20),
       (21, '2021-02-17 00:09:00.402072', '2021-02-17 00:09:00.402072', '2021-01-06 09:07:10.000000', 0, 4, 21),
       (22, '2021-02-17 00:09:00.402127', '2021-02-17 00:09:00.402127', '2021-01-06 09:15:32.000000', 0, 4, 22),
       (23, '2021-02-17 00:09:00.402176', '2021-02-17 00:09:00.402176', '2020-12-08 17:33:33.000000', 1, 0, 25),
       (24, '2021-02-17 00:09:00.402224', '2021-02-17 00:09:00.402224', '2021-02-13 06:07:47.000000', 1, 0, 26),
       (25, '2021-02-17 00:09:00.402271', '2021-02-17 00:09:00.402271', '2020-01-13 06:20:45.000000', 1, 0, 27),
       (26, '2021-02-17 00:09:00.402319', '2021-02-17 00:09:00.402319', '2021-01-06 09:26:59.000000', 0, 4, 23),
       (27, '2021-02-17 00:09:00.402367', '2021-02-17 00:09:00.402367', '2021-02-08 22:21:02.000000', 0, 4, 24),
       (28, '2021-02-17 00:09:00.402407', '2021-02-17 00:09:00.402407', '2021-02-16 17:02:43.000000', 1, 0, 28),
       (34, '2021-02-17 00:09:00.402445', '2021-02-17 00:09:00.402445', '2021-01-31 09:32:46.000000', 0, 4, 34),
       (35, '2021-02-17 00:09:00.402493', '2021-02-17 00:09:00.402493', '2021-02-06 04:45:42.000000', 0, 4, 35),
       (36, '2021-02-17 00:09:00.402530', '2021-02-17 00:09:00.402530', '2021-02-06 07:59:10.000000', 1, 0, 36),
       (37, '2021-02-17 23:29:51.957126', '2021-02-17 23:29:51.957126', '2020-02-26 01:54:39.000000', 1, 0, 37),
       (38, '2021-02-17 00:09:00.402605', '2021-02-17 00:09:00.402605', '2021-02-13 05:36:40.000000', 0, 4, 38),
       (39, '2021-02-17 00:09:00.402643', '2021-02-17 00:09:00.402643', '2021-02-06 13:19:18.000000', 0, 4, 39),
       (41, '2021-02-17 23:29:51.969702', '2021-02-17 23:29:51.969702', '2021-02-15 08:08:33.000000', 0, 4, 41);

insert into contributor(id, toy_id, user_id)
values (5, 3, 5),
       (6, 3, 6),
       (7, 4, 7),
       (8, 5, 8),
       (9, 6, 9),
       (10, 6, 10),
       (11, 7, 11),
       (12, 7, 12),
       (13, 7, 13),
       (14, 8, 14),
       (15, 8, 15),
       (16, 9, 16),
       (17, 9, 17),
       (18, 10, 18),
       (19, 11, 19),
       (20, 11, 20),
       (21, 12, 21),
       (22, 12, 22),
       (23, 12, 23),
       (24, 12, 24),
       (25, 12, 25),
       (26, 12, 26),
       (27, 12, 27),
       (28, 12, 28),
       (29, 12, 29),
       (30, 12, 30),
       (31, 12, 31),
       (32, 12, 32),
       (33, 12, 33),
       (34, 12, 34),
       (35, 12, 35),
       (36, 12, 36),
       (37, 12, 37),
       (38, 12, 38),
       (39, 12, 39),
       (40, 12, 40),
       (41, 12, 41),
       (42, 12, 42),
       (43, 12, 43),
       (44, 12, 44),
       (45, 12, 45),
       (46, 13, 46),
       (47, 13, 47),
       (48, 13, 48),
       (49, 13, 49),
       (50, 13, 2),
       (51, 14, 50),
       (52, 14, 11),
       (53, 15, 51),
       (54, 15, 52),
       (55, 15, 53),
       (56, 16, 54),
       (57, 16, 55),
       (58, 16, 56),
       (59, 16, 57),
       (60, 16, 58),
       (61, 16, 48),
       (71, 18, 67),
       (72, 18, 68),
       (73, 18, 69),
       (74, 18, 70),
       (75, 18, 71),
       (76, 20, 72),
       (77, 20, 73),
       (78, 20, 74),
       (79, 20, 75),
       (80, 20, 76),
       (81, 21, 77),
       (82, 21, 78),
       (83, 21, 79),
       (84, 21, 80),
       (85, 21, 81),
       (86, 22, 82),
       (87, 22, 48),
       (88, 25, 83),
       (89, 25, 84),
       (90, 25, 85),
       (91, 26, 86),
       (92, 26, 87),
       (93, 26, 88),
       (94, 26, 89),
       (95, 26, 90),
       (96, 26, 3),
       (97, 26, 48),
       (98, 26, 71),
       (99, 27, 91),
       (100, 27, 92),
       (101, 23, 93),
       (102, 23, 94),
       (103, 23, 95),
       (104, 23, 96),
       (105, 23, 97),
       (106, 23, 48),
       (107, 24, 98),
       (108, 24, 99),
       (109, 24, 100),
       (110, 24, 101),
       (111, 24, 102),
       (112, 24, 48),
       (113, 28, 103),
       (114, 28, 104),
       (115, 28, 105),
       (116, 28, 106),
       (130, 34, 108),
       (131, 34, 48),
       (132, 35, 109),
       (133, 35, 110),
       (134, 36, 111),
       (135, 36, 112),
       (136, 36, 113),
       (137, 36, 114),
       (138, 37, 24),
       (139, 38, 1),
       (140, 39, 1),
       (141, 39, 2),
       (142, 39, 3),
       (156, 41, 129),
       (157, 41, 130),
       (158, 41, 131),
       (159, 41, 4);
